Type,Design
T-shirt,Solid
T-shirt,Solid
T-shirt,Solid
T-shirt,Solid
T-shirt,Solid
T-shirt,Patterned 
T-shirt,Patterned 
T-shirt,Patterned 
T-shirt,Solid
T-shirt,Solid
T-shirt,Patterned 
T-shirt,Patterned 
T-shirt,Solid
T-shirt,Solid
T-shirt,Patterned 
T-shirt,Solid
T-shirt,Solid
T-shirt,Solid
T-shirt,Solid
T-shirt,Solid
T-shirt,Solid
T-shirt,Solid
T-shirt,Striped
T-shirt,Patterned 
T-shirt,Patterned 
T-shirt,Patterned 
T-shirt,Solid
T-shirt,Solid
T-shirt,Patterned 
T-shirt,Solid
T-shirt,Solid
T-shirt,Solid
T-shirt,Patterned 
T-shirt,Patterned 
T-shirt,Solid
T-shirt,Patterned 
T-shirt,Solid
T-shirt,Solid
T-shirt,Solid
T-shirt,Patterned 
T-shirt,Solid
T-shirt,Solid
T-shirt,Patterned 
T-shirt,Patterned 
T-shirt,Solid
T-shirt,Solid
T-shirt,Solid
T-shirt,Solid
T-shirt,Solid
T-shirt,Patterned 
T-shirt,Solid
T-shirt,Patterned 
T-shirt,Solid
T-shirt,Solid
T-shirt,Solid
T-shirt,Striped
T-shirt,Patterned 
T-shirt,Floral
T-shirt,Patterned 
T-shirt,Striped
T-shirt,Patterned 
T-shirt,Patterned 
T-shirt,Patterned 
T-shirt,Solid
T-shirt,Solid
T-shirt,Solid
T-shirt,Floral
T-shirt,Floral
T-shirt,Patterned 
T-shirt,Patterned 
T-shirt,Patterned 
T-shirt,Patterned 
T-shirt,Floral
T-shirt,Solid
T-shirt,Solid
T-shirt,Patterned 
T-shirt,Patterned 
T-shirt,Solid
T-shirt,Patterned 
T-shirt,Striped
T-shirt,Patterned 
T-shirt,Solid
T-shirt,Solid
T-shirt,Solid
T-shirt,Solid
T-shirt,Patterned 
T-shirt,Patterned 
T-shirt,Floral
T-shirt,Striped
T-shirt,Solid
T-shirt,Solid
T-shirt,Solid
T-shirt,Patterned 
T-shirt,Solid
T-shirt,Patterned 
T-shirt,Striped
T-shirt,Patterned 
T-shirt,Patterned 
T-shirt,Patterned 
T-shirt,Patterned 
T-shirt,Solid
T-shirt,Floral
T-shirt,Striped
T-shirt,Patterned 
T-shirt,Patterned 
T-shirt,Floral
T-shirt,Solid
T-shirt,Patterned 
T-shirt,Solid
T-shirt,Solid
T-shirt,Patterned 
T-shirt,Striped
T-shirt,Patterned 
T-shirt,Patterned 
T-shirt,Solid
T-shirt,Solid
T-shirt,Solid
T-shirt,Solid
T-shirt,Striped
T-shirt,Patterned 
T-shirt,Solid
T-shirt,Patterned 
T-shirt,Patterned 
T-shirt,Patterned 
T-shirt,Striped
T-shirt,Solid
T-shirt,Solid
T-shirt,Patterned 
T-shirt,Solid
T-shirt,Patterned 
T-shirt,Patterned 
T-shirt,Patterned 
T-shirt,Solid
T-shirt,Patterned 
T-shirt,Patterned 
T-shirt,Patterned 
T-shirt,Solid
T-shirt,Patterned 
T-shirt,Solid
T-shirt,Patterned 
T-shirt,Patterned 
T-shirt,Patterned 
T-shirt,Solid
T-shirt,Patterned 
T-shirt,Floral
T-shirt,Solid
T-shirt,Patterned 
T-shirt,Striped
T-shirt,Striped
T-shirt,Solid
T-shirt,Solid
T-shirt,Patterned 
T-shirt,Solid
T-shirt,Patterned 
T-shirt,Patterned 
T-shirt,Patterned 
T-shirt,Solid
T-shirt,Patterned 
T-shirt,Solid
T-shirt,Solid
T-shirt,Solid
T-shirt,Patterned 
T-shirt,Patterned 
T-shirt,Solid
T-shirt,Solid
T-shirt,Patterned 
T-shirt,Solid
T-shirt,Solid
T-shirt,Solid
T-shirt,Solid
T-shirt,Patterned 
T-shirt,Solid
T-shirt,Patterned 
T-shirt,Patterned 
T-shirt,Solid
T-shirt,Solid
T-shirt,Solid
T-shirt,Patterned 
T-shirt,Solid
T-shirt,Patterned 
T-shirt,Striped
T-shirt,Solid
T-shirt,Patterned 
T-shirt,Solid
T-shirt,Solid
T-shirt,Solid
T-shirt,Patterned 
T-shirt,Patterned 
T-shirt,Patterned 
T-shirt,Patterned 
T-shirt,Patterned 
T-shirt,Patterned 
T-shirt,Solid
T-shirt,Patterned 
T-shirt,Patterned 
T-shirt,Solid
T-shirt,Solid
T-shirt,Solid
T-shirt,Patterned 
T-shirt,Patterned 
T-shirt,Striped
T-shirt,Striped
T-shirt,Striped
T-shirt,Striped
T-shirt,Striped
T-shirt,Striped
T-shirt,Striped
T-shirt,Striped
T-shirt,Striped
T-shirt,Striped
T-shirt,Striped
T-shirt,Striped
T-shirt,Floral
T-shirt,Floral
T-shirt,Floral
T-shirt,Floral
T-shirt,Floral
T-shirt,Floral
T-shirt,Floral
T-shirt,Floral
T-shirt,Floral
T-shirt,Floral
T-shirt,Floral
T-shirt,Floral
T-shirt,Floral
T-shirt,Floral
T-shirt,Floral
T-shirt,Floral
T-shirt,Floral
T-shirt,Floral
T-shirt,Floral
T-shirt,Floral
T-shirt,Floral
T-shirt,Floral
T-shirt,Floral
T-shirt,Floral
T-shirt,Floral
T-shirt,Floral
T-shirt,Floral
T-shirt,Floral
T-shirt,Floral
T-shirt,Floral
T-shirt,Floral
T-shirt,Floral
T-shirt,Floral
T-shirt,Floral
T-shirt,Floral
T-shirt,Floral
T-shirt,Floral
T-shirt,Floral
T-shirt,Floral
T-shirt,Floral
T-shirt,Floral
T-shirt,Floral
T-shirt,Floral
T-shirt,Patterned 
T-shirt,Solid
T-shirt,Patterned 
T-shirt,Patterned 
T-shirt,Patterned 
T-shirt,Patterned 
T-shirt,Patterned 
T-shirt,Patterned 
T-shirt,Patterned 
T-shirt,Solid
T-shirt,Patterned 
T-shirt,Patterned 
T-shirt,Solid
T-shirt,Patterned 
T-shirt,Solid
T-shirt,Striped
T-shirt,Patterned 
T-shirt,Patterned 
T-shirt,Patterned 
T-shirt,Striped
T-shirt,Patterned 
T-shirt,Solid
T-shirt,Solid
T-shirt,Solid
T-shirt,Patterned 
T-shirt,Patterned 
T-shirt,Solid
T-shirt,Patterned 
T-shirt,Patterned 
T-shirt,Patterned 
T-shirt,Solid
T-shirt,Patterned 
T-shirt,Patterned 
T-shirt,Patterned 
T-shirt,Patterned 
T-shirt,Patterned 
T-shirt,Patterned 
T-shirt,Patterned 
T-shirt,Patterned 
T-shirt,Solid
T-shirt,Patterned 
T-shirt,Patterned 
T-shirt,Solid
T-shirt,Patterned 
T-shirt,Patterned 
T-shirt,Patterned 
T-shirt,Patterned 
T-shirt,Patterned 
T-shirt,Solid
T-shirt,Checked
T-shirt,Patterned 
T-shirt,Patterned 
T-shirt,Patterned 
T-shirt,Patterned 
T-shirt,Solid
T-shirt,Patterned 
T-shirt,Patterned 
T-shirt,Solid
T-shirt,Patterned 
T-shirt,Solid
T-shirt,Patterned 
T-shirt,Patterned 
T-shirt,Solid
T-shirt,Solid
T-shirt,Patterned 
T-shirt,Striped
T-shirt,Patterned 
T-shirt,Patterned 
T-shirt,Patterned 
T-shirt,Patterned 
T-shirt,Patterned 
T-shirt,Solid
T-shirt,Solid
T-shirt,Solid
T-shirt,Patterned 
T-shirt,Patterned 
T-shirt,Solid
T-shirt,Patterned 
T-shirt,Patterned 
T-shirt,Patterned 
T-shirt,Patterned 
T-shirt,Solid
T-shirt,Patterned 
T-shirt,Striped
T-shirt,Striped
T-shirt,Patterned 
T-shirt,Solid
T-shirt,Patterned 
T-shirt,Patterned 
T-shirt,Patterned 
T-shirt,Striped
T-shirt,Solid
T-shirt,Patterned 
T-shirt,Patterned 
T-shirt,Solid
T-shirt,Patterned 
T-shirt,Patterned 
T-shirt,Patterned 
T-shirt,Patterned 
T-shirt,Patterned 
T-shirt,Patterned 
T-shirt,Patterned 
T-shirt,Patterned 
T-shirt,Floral
T-shirt,Patterned 
T-shirt,Patterned 
T-shirt,Patterned 
T-shirt,Striped
T-shirt,Patterned 
T-shirt,Patterned 
T-shirt,Patterned 
T-shirt,Patterned 
T-shirt,Solid
T-shirt,Solid
T-shirt,Patterned 
T-shirt,Patterned 
T-shirt,Patterned 
T-shirt,Patterned 
T-shirt,Patterned 
T-shirt,Patterned 
T-shirt,Patterned 
T-shirt,Patterned 
T-shirt,Solid
T-shirt,Patterned 
T-shirt,Patterned 
T-shirt,Patterned 
T-shirt,Patterned 
T-shirt,Solid
T-shirt,Solid
T-shirt,Patterned 
T-shirt,Patterned 
T-shirt,Solid
T-shirt,Patterned 
T-shirt,Patterned 
T-shirt,Patterned 
T-shirt,Patterned 
T-shirt,Patterned 
T-shirt,Solid
T-shirt,Patterned 
T-shirt,Solid
T-shirt,Patterned 
T-shirt,Solid
T-shirt,Solid
T-shirt,Patterned 
T-shirt,Patterned 
T-shirt,Patterned 
T-shirt,Patterned 
T-shirt,Patterned 
T-shirt,Patterned 
T-shirt,Solid
T-shirt,Patterned 
T-shirt,Patterned 
T-shirt,Patterned 
T-shirt,Patterned 
T-shirt,Patterned 
T-shirt,Patterned 
T-shirt,Patterned 
T-shirt,Solid
T-shirt,Patterned 
T-shirt,Patterned 
T-shirt,Patterned 
T-shirt,Patterned 
T-shirt,Patterned 
T-shirt,Patterned 
T-shirt,Patterned 
T-shirt,Solid
T-shirt,Patterned 
T-shirt,Patterned 
T-shirt,Patterned 
T-shirt,Patterned 
T-shirt,Solid
T-shirt,Solid
T-shirt,Solid
T-shirt,Patterned 
T-shirt,Patterned 
T-shirt,Patterned 
T-shirt,Patterned 
T-shirt,Patterned 
T-shirt,Patterned 
T-shirt,Patterned 
T-shirt,Patterned 
T-shirt,Solid
T-shirt,Patterned 
T-shirt,Patterned 
T-shirt,Solid
T-shirt,Patterned 
T-shirt,Patterned 
T-shirt,Patterned 
T-shirt,Patterned 
T-shirt,Solid
T-shirt,Patterned 
T-shirt,Solid
T-shirt,Patterned 
T-shirt,Patterned 
T-shirt,Patterned 
T-shirt,Patterned 
T-shirt,Patterned 
T-shirt,Patterned 
T-shirt,Patterned 
T-shirt,Solid
T-shirt,Solid
T-shirt,Patterned 
T-shirt,Patterned 
T-shirt,Patterned 
T-shirt,Patterned 
T-shirt,Patterned 
T-shirt,Patterned 
T-shirt,Patterned 
T-shirt,Patterned 
T-shirt,Patterned 
T-shirt,Solid
T-shirt,Patterned 
T-shirt,Striped
T-shirt,Solid
T-shirt,Patterned 
T-shirt,Patterned 
T-shirt,Patterned 
T-shirt,Patterned 
T-shirt,Solid
T-shirt,Solid
T-shirt,Patterned 
T-shirt,Patterned 
T-shirt,Patterned 
T-shirt,Patterned 
T-shirt,Patterned 
T-shirt,Patterned 
T-shirt,Patterned 
T-shirt,Patterned 
T-shirt,Patterned 
T-shirt,Patterned 
T-shirt,Patterned 
T-shirt,Patterned 
T-shirt,Patterned 
T-shirt,Patterned 
T-shirt,Patterned 
T-shirt,Patterned 
T-shirt,Patterned 
T-shirt,Patterned 
T-shirt,Patterned 
T-shirt,Patterned 
T-shirt,Patterned 
T-shirt,Patterned 
T-shirt,Patterned 
T-shirt,Solid
T-shirt,Patterned 
T-shirt,Solid
T-shirt,Patterned 
T-shirt,Patterned 
T-shirt,Solid
T-shirt,Patterned 
T-shirt,Patterned 
T-shirt,Patterned 
T-shirt,Patterned 
T-shirt,Patterned 
T-shirt,Solid
T-shirt,Solid
Shirt,Solid
Shirt,Solid
Shirt,Striped
Shirt,Solid
Shirt,Patterned 
Shirt,Patterned 
Shirt,Solid
Shirt,Solid
Shirt,Checked
Shirt,Checked
Shirt,Striped
Shirt,Checked
Shirt,Solid
Shirt,Checked
Shirt,Solid
Shirt,Solid
Shirt,Solid
Shirt,Solid
Shirt,Solid
Shirt,Solid
Shirt,Checked
Shirt,Checked
Shirt,Solid
Shirt,Solid
Shirt,Solid
Shirt,Solid
Shirt,Solid
Shirt,Solid
Shirt,Solid
Shirt,Solid
Shirt,Solid
Shirt,Solid
Shirt,Solid
Shirt,Solid
Shirt,Solid
Shirt,Solid
Shirt,Striped
Shirt,Floral
Shirt,Checked
Shirt,Checked
Shirt,Solid
Shirt,Checked
Shirt,Solid
Shirt,Solid
Shirt,Solid
Shirt,Solid
Shirt,Patterned 
Shirt,Patterned 
Shirt,Patterned 
Shirt,Solid
Shirt,Solid
Shirt,Solid
Shirt,Solid
Shirt,Solid
Shirt,Solid
Shirt,Checked
Shirt,Solid
Shirt,Solid
Shirt,Solid
Shirt,Solid
Shirt,Solid
Shirt,Solid
Shirt,Checked
Shirt,Solid
Shirt,Solid
Shirt,Solid
Shirt,Solid
Shirt,Solid
Shirt,Striped
Shirt,Striped
Shirt,Solid
Shirt,Checked
Shirt,Solid
Shirt,Solid
Shirt,Solid
Shirt,Solid
Shirt,Solid
Shirt,Solid
Shirt,Patterned 
Shirt,Solid
Shirt,Solid
Shirt,Checked
Shirt,Solid
Shirt,Checked
Shirt,Striped
Shirt,Solid
Shirt,Solid
Shirt,Striped
Shirt,Solid
Shirt,Solid
Shirt,Striped
Shirt,Solid
Shirt,Checked
Shirt,Striped
Shirt,Solid
Shirt,Striped
Shirt,Solid
Shirt,Solid
Shirt,Solid
Shirt,Checked
Shirt,Solid
Shirt,Solid
Shirt,Checked
Shirt,Solid
Shirt,Solid
Shirt,Solid
Shirt,Solid
Shirt,Patterned 
Shirt,Checked
Shirt,Solid
Shirt,Solid
Shirt,Striped
Shirt,Solid
Shirt,Striped
Shirt,Solid
Shirt,Solid
Shirt,Solid
Shirt,Solid
Shirt,Solid
Shirt,Solid
Shirt,Checked
Shirt,Checked
Shirt,Solid
Shirt,Solid
Shirt,Solid
Shirt,Solid
Shirt,Checked
Shirt,Checked
Shirt,Solid
Shirt,Solid
Shirt,Striped
Shirt,Solid
Shirt,Solid
Shirt,Solid
Shirt,Solid
Shirt,Solid
Shirt,Solid
Shirt,Solid
Shirt,Striped
Shirt,Striped
Shirt,Solid
Shirt,Patterned 
Shirt,Solid
Shirt,Solid
Shirt,Striped
Shirt,Solid
Shirt,Solid
Shirt,Checked
Shirt,Solid
Shirt,Striped
Shirt,Solid
Shirt,Patterned 
Shirt,Solid
Shirt,Striped
Shirt,Checked
Shirt,Solid
Shirt,Checked
Shirt,Solid
Shirt,Striped
Shirt,Solid
Shirt,Checked
Shirt,Striped
Shirt,Striped
Shirt,Solid
Shirt,Solid
Shirt,Checked
Shirt,Checked
Shirt,Solid
Shirt,Solid
Shirt,Striped
Shirt,Solid
Shirt,Solid
Shirt,Solid
Shirt,Solid
Shirt,Checked
Shirt,Solid
Shirt,Patterned 
Shirt,Solid
Shirt,Solid
Shirt,Solid
Shirt,Solid
Shirt,Solid
Shirt,Solid
Shirt,Solid
Shirt,Solid
Shirt,Solid
Shirt,Solid
Shirt,Patterned 
Shirt,Solid
Shirt,Solid
Shirt,Solid
Shirt,Checked
Shirt,Solid
Shirt,Striped
Shirt,Solid
Shirt,Solid
Shirt,Solid
Shirt,Striped
Shirt,Striped
Shirt,Solid
Shirt,Checked
Shirt,Checked
Shirt,Checked
Shirt,Checked
Shirt,Checked
Shirt,Checked
Shirt,Checked
Shirt,Checked
Shirt,Checked
Shirt,Checked
Shirt,Checked
Shirt,Checked
Shirt,Checked
Shirt,Checked
Shirt,Checked
Shirt,Checked
Shirt,Checked
Shirt,Checked
Shirt,Checked
Shirt,Checked
Shirt,Checked
Shirt,Checked
Shirt,Checked
Shirt,Checked
Shirt,Checked
Shirt,Checked
Shirt,Checked
Shirt,Checked
Shirt,Checked
Shirt,Checked
Shirt,Checked
Shirt,Checked
Shirt,Checked
Shirt,Checked
Shirt,Checked
Shirt,Checked
Shirt,Checked
Shirt,Checked
Shirt,Checked
Shirt,Checked
Shirt,Checked
Shirt,Checked
Shirt,Checked
Shirt,Checked
Shirt,Checked
Shirt,Checked
Shirt,Checked
Shirt,Checked
Shirt,Checked
Shirt,Checked
Shirt,Checked
Shirt,Checked
Shirt,Checked
Shirt,Checked
Shirt,Checked
Shirt,Checked
Shirt,Checked
Shirt,Checked
Shirt,Checked
Shirt,Checked
Shirt,Checked
Shirt,Checked
Shirt,Checked
Shirt,Checked
Shirt,Checked
Shirt,Checked
Shirt,Checked
Shirt,Solid
Shirt,Solid
Shirt,Striped
Shirt,Checked
Shirt,Striped
Shirt,Solid
Shirt,Solid
Shirt,Solid
Shirt,Checked
Shirt,Solid
Shirt,Striped
Shirt,Floral
Shirt,Floral
Shirt,Floral
Shirt,Floral
Shirt,Floral
Shirt,Solid
Shirt,Striped
Shirt,Checked
Shirt,Striped
Shirt,Solid
Shirt,Solid
Shirt,Checked
Shirt,Solid
Shirt,Checked
Shirt,Checked
Shirt,Solid
Shirt,Checked
Shirt,Solid
Shirt,Checked
Shirt,Checked
Shirt,Patterned 
Shirt,Solid
Shirt,Checked
Shirt,Solid
Shirt,Striped
Shirt,Checked
Shirt,Solid
Shirt,Solid
Shirt,Checked
Shirt,Solid
Shirt,Solid
Shirt,Striped
Shirt,Checked
Shirt,Solid
Shirt,Checked
Shirt,Solid
Shirt,Checked
Shirt,Solid
Shirt,Checked
Shirt,Solid
Shirt,Solid
Shirt,Solid
Shirt,Solid
Shirt,Striped
Shirt,Solid
Shirt,Striped
Shirt,Solid
Shirt,Patterned 
Shirt,Solid
Shirt,Checked
Shirt,Checked
Shirt,Checked
Shirt,Checked
Shirt,Solid
Shirt,Solid
Shirt,Solid
Shirt,Solid
Shirt,Solid
Shirt,Solid
Shirt,Checked
Shirt,Checked
Shirt,Checked
Shirt,Striped
Shirt,Solid
Shirt,Solid
Shirt,Striped
Shirt,Solid
Shirt,Checked
Shirt,Checked
Shirt,Checked
Shirt,Solid
Shirt,Solid
Shirt,Solid
Shirt,Checked
Shirt,Solid
Shirt,Solid
Shirt,Striped
Shirt,Checked
Shirt,Patterned 
Shirt,Solid
Shirt,Checked
Shirt,Solid
Shirt,Checked
Shirt,Checked
Shirt,Solid
Shirt,Solid
Shirt,Solid
Shirt,Checked
Shirt,Checked
Shirt,Solid
Shirt,Solid
Shirt,Striped
Shirt,Checked
Shirt,Checked
Shirt,Checked
Shirt,Solid
Shirt,Solid
Shirt,Solid
Shirt,Solid
Shirt,Striped
Shirt,Solid
Shirt,Solid
Shirt,Solid
Shirt,Solid
Shirt,Checked
Shirt,Solid
Shirt,Striped
Shirt,Striped
Shirt,Solid
Shirt,Solid
Shirt,Striped
Shirt,Solid
Shirt,Solid
Shirt,Solid
Shirt,Checked
Shirt,Solid
Shirt,Solid
Shirt,Solid
Shirt,Solid
Shirt,Checked
Shirt,Solid
Shirt,Solid
Shirt,Striped
Shirt,Checked
Shirt,Checked
Shirt,Checked
Shirt,Solid
Shirt,Checked
Shirt,Solid
Shirt,Solid
Shirt,Checked
Shirt,Solid
Shirt,Solid
Shirt,Solid
Shirt,Checked
Shirt,Patterned 
Shirt,Solid
Shirt,Checked
Shirt,Patterned 
Shirt,Checked
Shirt,Checked
Shirt,Solid
Shirt,Solid
Shirt,Checked
Shirt,Solid
Shirt,Striped
Shirt,Solid
Shirt,Solid
Shirt,Solid
Shirt,Striped
Shirt,Solid
Shirt,Solid
Shirt,Solid
Shirt,Striped
Tank top,Solid
Tank top,Solid
Tank top,Solid
Tank top,Patterned 
Tank top,Striped
Tank top,Solid
Tank top,Solid
Tank top,Solid
Tank top,Patterned 
Tank top,Patterned 
Tank top,Solid
Tank top,Solid
Tank top,Solid
Tank top,Solid
Tank top,Patterned 
Tank top,Patterned 
Tank top,Patterned 
Tank top,Patterned 
Tank top,Solid
Tank top,Solid
Tank top,Patterned 
Tank top,Solid
Tank top,Striped
Tank top,Patterned 
Tank top,Patterned 
Tank top,Patterned 
Tank top,Solid
Tank top,Solid
Tank top,Patterned 
Tank top,Solid
Tank top,Patterned 
Tank top,Patterned 
Tank top,Patterned 
Tank top,Solid
Tank top,Solid
Tank top,Solid
Tank top,Patterned 
Tank top,Patterned 
Tank top,Solid
Tank top,Solid
Tank top,Solid
Tank top,Striped
Tank top,Patterned 
Tank top,Solid
Tank top,Patterned 
Tank top,Solid
Tank top,Solid
Tank top,Patterned 
Tank top,Patterned 
Tank top,Striped
Tank top,Patterned 
Tank top,Patterned 
Tank top,Striped
Tank top,Striped
Tank top,Patterned 
Tank top,Solid
Tank top,Patterned 
Tank top,Solid
Tank top,Solid
Tank top,Patterned 
Tank top,Patterned 
Tank top,Patterned 
Tank top,Floral
Tank top,Patterned 
Tank top,Solid
Tank top,Solid
Tank top,Solid
Tank top,Striped
Tank top,Solid
Tank top,Patterned 
Tank top,Solid
Tank top,Solid
Tank top,Solid
Tank top,Solid
Tank top,Patterned 
Tank top,Solid
Tank top,Patterned 
Tank top,Solid
Tank top,Solid
Tank top,Solid
Tank top,Solid
Tank top,Solid
Tank top,Patterned 
Tank top,Solid
Tank top,Solid
Tank top,Solid
Tank top,Solid
Tank top,Patterned 
Tank top,Solid
Tank top,Solid
Tank top,Solid
Tank top,Patterned 
Tank top,Solid
Tank top,Solid
Tank top,Solid
Tank top,Solid
Tank top,Checked
Tank top,Striped
Tank top,Solid
Tank top,Patterned 
Tank top,Solid
Tank top,Solid
Tank top,Solid
Tank top,Solid
Tank top,Solid
Tank top,Solid
Tank top,Solid
Tank top,Solid
Tank top,Solid
Tank top,Solid
Tank top,Solid
Tank top,Solid
Tank top,Solid
Tank top,Solid
Tank top,Solid
Tank top,Solid
Tank top,Solid
Tank top,Solid
Tank top,Solid
Tank top,Patterned 
Tank top,Solid
Tank top,Solid
Tank top,Solid
Tank top,Floral
Tank top,Striped
Tank top,Solid
Tank top,Solid
Tank top,Solid
Tank top,Patterned 
Tank top,Patterned 
Tank top,Striped
Tank top,Solid
Tank top,Solid
Tank top,Solid
Tank top,Solid
Tank top,Solid
Tank top,Solid
Tank top,Patterned 
Tank top,Patterned 
Tank top,Solid
Tank top,Solid
Tank top,Solid
Tank top,Patterned 
Tank top,Solid
Tank top,Patterned 
Tank top,Solid
Tank top,Solid
Tank top,Striped
Tank top,Solid
Tank top,Floral
Tank top,Solid
Tank top,Solid
Tank top,Solid
Tank top,Solid
Tank top,Patterned 
Tank top,Patterned 
Tank top,Solid
Tank top,Solid
Tank top,Patterned 
Tank top,Striped
Tank top,Solid
Tank top,Solid
Tank top,Solid
Tank top,Patterned 
Tank top,Floral
Tank top,Solid
Tank top,Patterned 
Tank top,Patterned 
Tank top,Solid
Tank top,Solid
Tank top,Patterned 
Tank top,Solid
Tank top,Patterned 
Tank top,Striped
Tank top,Solid
Tank top,Solid
Tank top,Solid
Tank top,Patterned 
Tank top,Solid
Tank top,Solid
Tank top,Solid
Tank top,Solid
Tank top,Patterned 
Tank top,Solid
Tank top,Patterned 
Tank top,Floral
Tank top,Solid
Tank top,Solid
Tank top,Solid
Tank top,Solid
Tank top,Striped
Tank top,Patterned 
Tank top,Solid
Tank top,Solid
Tank top,Patterned 
Tank top,Floral
Tank top,Solid
Tank top,Solid
Tank top,Floral
Tank top,Patterned 
Tank top,Solid
Tank top,Striped
Tank top,Striped
Tank top,Striped
Tank top,Striped
Tank top,Striped
Tank top,Striped
Tank top,Floral
Tank top,Floral
Tank top,Floral
Tank top,Floral
Tank top,Floral
Tank top,Floral
Tank top,Floral
Tank top,Floral
Tank top,Floral
Tank top,Floral
Tank top,Floral
Tank top,Floral
Tank top,Floral
Tank top,Floral
Tank top,Floral
Tank top,Floral
Tank top,Floral
Tank top,Floral
Tank top,Floral
Tank top,Floral
Tank top,Floral
Tank top,Floral
Tank top,Floral
Tank top,Floral
Tank top,Floral
Tank top,Floral
Tank top,Floral
Tank top,Floral
Tank top,Floral
Tank top,Floral
Tank top,Floral
Tank top,Floral
Tank top,Floral
Tank top,Floral
Tank top,Floral
Tank top,Floral
Tank top,Floral
Tank top,Floral
Tank top,Floral
Tank top,Floral
Tank top,Patterned 
Tank top,Patterned 
Tank top,Patterned 
Tank top,Patterned 
Tank top,Patterned 
Tank top,Patterned 
Tank top,Solid
Tank top,Solid
Tank top,Patterned 
Tank top,Solid
Tank top,Solid
Tank top,Patterned 
Tank top,Solid
Tank top,Patterned 
Tank top,Solid
Tank top,Patterned 
Tank top,Solid
Tank top,Patterned 
Tank top,Patterned 
Tank top,Solid
Tank top,Patterned 
Tank top,Solid
Tank top,Striped
Tank top,Patterned 
Tank top,Patterned 
Tank top,Patterned 
Tank top,Patterned 
Tank top,Patterned 
Tank top,Solid
Tank top,Solid
Tank top,Patterned 
Tank top,Patterned 
Tank top,Solid
Tank top,Patterned 
Tank top,Patterned 
Tank top,Patterned 
Tank top,Patterned 
Tank top,Solid
Tank top,Solid
Tank top,Patterned 
Tank top,Patterned 
Tank top,Patterned 
Tank top,Patterned 
Tank top,Solid
Tank top,Solid
Tank top,Patterned 
Tank top,Patterned 
Tank top,Patterned 
Tank top,Patterned 
Tank top,Striped
Tank top,Solid
Tank top,Solid
Tank top,Solid
Tank top,Patterned 
Tank top,Patterned 
Tank top,Solid
Tank top,Solid
Tank top,Patterned 
Tank top,Solid
Tank top,Patterned 
Tank top,Solid
Tank top,Patterned 
Tank top,Patterned 
Tank top,Solid
Tank top,Patterned 
Tank top,Patterned 
Tank top,Solid
Tank top,Solid
Tank top,Patterned 
Tank top,Patterned 
Tank top,Solid
Tank top,Patterned 
Tank top,Patterned 
Tank top,Patterned 
Tank top,Patterned 
Tank top,Patterned 
Tank top,Patterned 
Tank top,Solid
Tank top,Patterned 
Tank top,Patterned 
Tank top,Patterned 
Tank top,Patterned 
Tank top,Patterned 
Tank top,Patterned 
Tank top,Patterned 
Tank top,Patterned 
Tank top,Patterned 
Tank top,Patterned 
Tank top,Patterned 
Tank top,Patterned 
Tank top,Patterned 
Tank top,Patterned 
Tank top,Patterned 
Tank top,Patterned 
Tank top,Solid
Tank top,Patterned 
Tank top,Patterned 
Tank top,Patterned 
Tank top,Solid
Tank top,Solid
Tank top,Patterned 
Tank top,Solid
Tank top,Patterned 
Tank top,Solid
Tank top,Striped
Tank top,Solid
Tank top,Patterned 
Tank top,Patterned 
Tank top,Patterned 
Tank top,Solid
Tank top,Patterned 
Tank top,Solid
Tank top,Solid
Tank top,Patterned 
Tank top,Patterned 
Tank top,Solid
Tank top,Striped
Tank top,Patterned 
Tank top,Striped
Tank top,Patterned 
Tank top,Solid
Tank top,Patterned 
Tank top,Solid
Tank top,Patterned 
Tank top,Patterned 
Tank top,Patterned 
Tank top,Patterned 
Tank top,Solid
Tank top,Solid
Tank top,Striped
Tank top,Solid
Tank top,Patterned 
Tank top,Solid
Tank top,Patterned 
Tank top,Patterned 
Tank top,Patterned 
Tank top,Solid
Tank top,Patterned 
Tank top,Solid
Tank top,Patterned 
Tank top,Solid
Tank top,Patterned 
Tank top,Solid
Tank top,Floral
Tank top,Patterned 
Tank top,Patterned 
Tank top,Solid
Tank top,Solid
Tank top,Patterned 
Tank top,Solid
Tank top,Solid
Tank top,Solid
Tank top,Solid
Tank top,Patterned 
Tank top,Patterned 
Tank top,Patterned 
Tank top,Solid
Tank top,Patterned 
Tank top,Patterned 
Tank top,Patterned 
Tank top,Patterned 
Tank top,Patterned 
Tank top,Solid
Tank top,Solid
Tank top,Solid
Tank top,Solid
Tank top,Patterned 
Tank top,Solid
Tank top,Patterned 
Tank top,Patterned 
Tank top,Solid
Tank top,Patterned 
Tank top,Solid
Tank top,Solid
Tank top,Solid
Tank top,Striped
Tank top,Patterned 
Tank top,Solid
Tank top,Patterned 
Tank top,Patterned 
Tank top,Solid
Tank top,Patterned 
Tank top,Solid
Tank top,Patterned 
Tank top,Patterned 
Tank top,Solid
Tank top,Solid
Tank top,Patterned 
Tank top,Patterned 
Tank top,Patterned 
Tank top,Solid
Tank top,Solid
Tank top,Solid
Tank top,Solid
Tank top,Patterned 
Tank top,Patterned 
Tank top,Solid
Tank top,Solid
Tank top,Solid
Tank top,Solid
Tank top,Patterned 
Tank top,Patterned 
Tank top,Patterned 
Tank top,Solid
Tank top,Patterned 
Tank top,Patterned 
Tank top,Patterned 
Tank top,Solid
Tank top,Patterned 
Tank top,Patterned 
Tank top,Patterned 
Tank top,Patterned 
Polo shirt,Solid
Polo shirt,Solid
Polo shirt,Solid
Polo shirt,Solid
Polo shirt,Solid
Polo shirt,Striped
Polo shirt,Solid
Polo shirt,Solid
Polo shirt,Solid
Polo shirt,Solid
Polo shirt,Striped
Polo shirt,Solid
Polo shirt,Striped
Polo shirt,Solid
Polo shirt,Striped
Polo shirt,Solid
Polo shirt,Solid
Polo shirt,Solid
Polo shirt,Striped
Polo shirt,Solid
Polo shirt,Striped
Polo shirt,Solid
Polo shirt,Striped
Polo shirt,Striped
Polo shirt,Striped
Polo shirt,Striped
Polo shirt,Solid
Polo shirt,Striped
Polo shirt,Solid
Polo shirt,Solid
Polo shirt,Solid
Polo shirt,Solid
Polo shirt,Solid
Polo shirt,Striped
Polo shirt,Solid
Polo shirt,Solid
Polo shirt,Solid
Polo shirt,Solid
Polo shirt,Solid
Polo shirt,Solid
Polo shirt,Striped
Polo shirt,Solid
Polo shirt,Solid
Polo shirt,Solid
Polo shirt,Striped
Polo shirt,Solid
Polo shirt,Solid
Polo shirt,Solid
Polo shirt,Solid
Polo shirt,Patterned 
Polo shirt,Striped
Polo shirt,Solid
Polo shirt,Solid
Polo shirt,Striped
Polo shirt,Solid
Polo shirt,Solid
Polo shirt,Solid
Polo shirt,Striped
Polo shirt,Striped
Polo shirt,Striped
Polo shirt,Solid
Polo shirt,Striped
Polo shirt,Solid
Polo shirt,Solid
Polo shirt,Solid
Polo shirt,Striped
Polo shirt,Solid
Polo shirt,Striped
Polo shirt,Striped
Polo shirt,Solid
Polo shirt,Solid
Polo shirt,Solid
Polo shirt,Solid
Polo shirt,Striped
Polo shirt,Solid
Polo shirt,Solid
Polo shirt,Striped
Polo shirt,Solid
Polo shirt,Striped
Polo shirt,Solid
Polo shirt,Solid
Polo shirt,Striped
Polo shirt,Solid
Polo shirt,Striped
Polo shirt,Solid
Polo shirt,Solid
Polo shirt,Solid
Polo shirt,Solid
Polo shirt,Patterned 
Polo shirt,Patterned 
Polo shirt,Solid
Polo shirt,Solid
Polo shirt,Solid
Polo shirt,Solid
Polo shirt,Striped
Polo shirt,Solid
Polo shirt,Solid
Polo shirt,Solid
Polo shirt,Solid
Polo shirt,Solid
Polo shirt,Solid
Polo shirt,Solid
Polo shirt,Solid
Polo shirt,Solid
Polo shirt,Striped
Polo shirt,Striped
Polo shirt,Solid
Polo shirt,Striped
Polo shirt,Solid
Polo shirt,Solid
Polo shirt,Solid
Polo shirt,Solid
Polo shirt,Striped
Polo shirt,Solid
Polo shirt,Solid
Polo shirt,Solid
Polo shirt,Striped
Polo shirt,Solid
Polo shirt,Solid
Polo shirt,Solid
Polo shirt,Solid
Polo shirt,Solid
Polo shirt,Striped
Polo shirt,Solid
Polo shirt,Solid
Polo shirt,Solid
Polo shirt,Solid
Polo shirt,Solid
Polo shirt,Solid
Polo shirt,Solid
Polo shirt,Solid
Polo shirt,Solid
Polo shirt,Solid
Polo shirt,Solid
Polo shirt,Solid
Polo shirt,Striped
Polo shirt,Solid
Polo shirt,Striped
Polo shirt,Solid
Polo shirt,Solid
Polo shirt,Solid
Polo shirt,Striped
Polo shirt,Striped
Polo shirt,Striped
Polo shirt,Solid
Polo shirt,Solid
Polo shirt,Solid
Polo shirt,Solid
Polo shirt,Solid
Polo shirt,Patterned 
Polo shirt,Solid
Polo shirt,Solid
Polo shirt,Solid
Polo shirt,Solid
Polo shirt,Solid
Polo shirt,Solid
Polo shirt,Solid
Polo shirt,Solid
Polo shirt,Striped
Polo shirt,Striped
Polo shirt,Solid
Polo shirt,Striped
Polo shirt,Solid
Polo shirt,Solid
Polo shirt,Solid
Polo shirt,Solid
Polo shirt,Patterned 
Polo shirt,Solid
Polo shirt,Solid
Polo shirt,Solid
Polo shirt,Solid
Polo shirt,Solid
Polo shirt,Solid
Polo shirt,Solid
Polo shirt,Solid
Polo shirt,Solid
Polo shirt,Striped
Polo shirt,Solid
Polo shirt,Solid
Polo shirt,Solid
Polo shirt,Solid
Polo shirt,Solid
Polo shirt,Solid
Polo shirt,Solid
Polo shirt,Solid
Polo shirt,Solid
Polo shirt,Solid
Polo shirt,Striped
Polo shirt,Striped
Polo shirt,Solid
Polo shirt,Solid
Polo shirt,Solid
Polo shirt,Solid
Polo shirt,Solid
Polo shirt,Striped
Polo shirt,Solid
Polo shirt,Striped
Polo shirt,Solid
Polo shirt,Solid
Polo shirt,Solid
Polo shirt,Solid
Polo shirt,Striped
Polo shirt,Solid
Polo shirt,Solid
Polo shirt,Solid
Polo shirt,Patterned 
Polo shirt,Solid
Polo shirt,Solid
Polo shirt,Solid
Polo shirt,Solid
Polo shirt,Solid
Polo shirt,Solid
Polo shirt,Solid
Polo shirt,Striped
Polo shirt,Striped
Polo shirt,Striped
Polo shirt,Striped
Polo shirt,Striped
Polo shirt,Striped
Polo shirt,Solid
Polo shirt,Solid
Polo shirt,Solid
Polo shirt,Solid
Polo shirt,Solid
Polo shirt,Checked
Polo shirt,Solid
Polo shirt,Solid
Polo shirt,Striped
Polo shirt,Solid
Polo shirt,Solid
Polo shirt,Floral
Polo shirt,Solid
Polo shirt,Striped
Polo shirt,Solid
Polo shirt,Solid
Polo shirt,Striped
Polo shirt,Solid
Polo shirt,Solid
Polo shirt,Solid
Polo shirt,Solid
Polo shirt,Striped
Polo shirt,Solid
Polo shirt,Solid
Polo shirt,Solid
Polo shirt,Striped
Polo shirt,Solid
Polo shirt,Solid
Polo shirt,Striped
Polo shirt,Striped
Polo shirt,Solid
Polo shirt,Solid
Polo shirt,Solid
Polo shirt,Solid
Polo shirt,Solid
Polo shirt,Solid
Polo shirt,Solid
Polo shirt,Solid
Polo shirt,Solid
Polo shirt,Solid
Polo shirt,Solid
Polo shirt,Solid
Polo shirt,Solid
Polo shirt,Solid
Polo shirt,Solid
Polo shirt,Striped
Polo shirt,Solid
Polo shirt,Striped
Polo shirt,Solid
Polo shirt,Striped
Polo shirt,Solid
Polo shirt,Solid
Polo shirt,Solid
Polo shirt,Solid
Polo shirt,Solid
Polo shirt,Striped
Polo shirt,Striped
Polo shirt,Striped
Polo shirt,Striped
Polo shirt,Striped
Polo shirt,Solid
Polo shirt,Solid
Polo shirt,Solid
Polo shirt,Solid
Polo shirt,Striped
Polo shirt,Solid
Polo shirt,Striped
Polo shirt,Striped
Polo shirt,Striped
Polo shirt,Solid
Polo shirt,Solid
Polo shirt,Striped
Polo shirt,Striped
Polo shirt,Solid
Polo shirt,Solid
Polo shirt,Solid
Polo shirt,Solid
Polo shirt,Solid
Polo shirt,Solid
Polo shirt,Striped
Polo shirt,Checked
Polo shirt,Striped
Polo shirt,Striped
Polo shirt,Solid
Polo shirt,Solid
Polo shirt,Solid
Polo shirt,Solid
Polo shirt,Striped
Polo shirt,Solid
Polo shirt,Solid
Polo shirt,Solid
Polo shirt,Floral
Polo shirt,Striped
Polo shirt,Solid
Polo shirt,Solid
Polo shirt,Solid
Polo shirt,Solid
Polo shirt,Striped
Polo shirt,Solid
Polo shirt,Striped
Polo shirt,Solid
Polo shirt,Striped
Polo shirt,Striped
Polo shirt,Solid
Polo shirt,Striped
Polo shirt,Solid
Polo shirt,Solid
Polo shirt,Solid
Polo shirt,Solid
Polo shirt,Striped
Polo shirt,Solid
Polo shirt,Solid
Polo shirt,Solid
Polo shirt,Striped
Polo shirt,Solid
Polo shirt,Solid
Polo shirt,Solid
Polo shirt,Striped
Polo shirt,Striped
Polo shirt,Solid
Polo shirt,Solid
Polo shirt,Solid
Polo shirt,Solid
Polo shirt,Striped
Polo shirt,Solid
Polo shirt,Solid
Polo shirt,Solid
Polo shirt,Solid
Polo shirt,Solid
Polo shirt,Striped
Polo shirt,Solid
Polo shirt,Solid
Polo shirt,Solid
Polo shirt,Solid
Polo shirt,Solid
Polo shirt,Solid
Polo shirt,Solid
Polo shirt,Striped
Polo shirt,Striped
Polo shirt,Solid
Polo shirt,Solid
Polo shirt,Striped
Polo shirt,Solid
Polo shirt,Solid
Polo shirt,Solid
Polo shirt,Solid
Polo shirt,Solid
Polo shirt,Solid
Polo shirt,Solid
Polo shirt,Solid
Polo shirt,Striped
Polo shirt,Solid
Polo shirt,Solid
Polo shirt,Solid
Polo shirt,Solid
Polo shirt,Solid
Polo shirt,Solid
Polo shirt,Solid
Polo shirt,Solid
Polo shirt,Solid
Polo shirt,Solid
Polo shirt,Solid
Polo shirt,Striped
Polo shirt,Solid
Polo shirt,Solid
Polo shirt,Striped
Polo shirt,Striped
Polo shirt,Solid
Polo shirt,Striped
Polo shirt,Solid
Polo shirt,Striped
Polo shirt,Solid
Polo shirt,Solid
Polo shirt,Solid
Polo shirt,Solid
Polo shirt,Solid
Polo shirt,Solid
Polo shirt,Solid
Polo shirt,Solid
Polo shirt,Striped
Polo shirt,Solid
Polo shirt,Checked
Polo shirt,Solid
Polo shirt,Solid
Polo shirt,Striped
Polo shirt,Solid
Polo shirt,Striped
Polo shirt,Striped
Polo shirt,Solid
Polo shirt,Solid
Polo shirt,Solid
Polo shirt,Solid
Polo shirt,Solid
Polo shirt,Solid
Warm clothes,Solid
Warm clothes,Patterned 
Warm clothes,Patterned 
Warm clothes,Patterned 
Warm clothes,Solid
Warm clothes,Solid
Warm clothes,Solid
Warm clothes,Patterned 
Warm clothes,Patterned 
Warm clothes,Patterned 
Warm clothes,Patterned 
Warm clothes,Patterned 
Warm clothes,Patterned 
Warm clothes,Solid
Warm clothes,Patterned 
Warm clothes,Patterned 
Warm clothes,Patterned 
Warm clothes,Patterned 
Warm clothes,Patterned 
Warm clothes,Patterned 
Warm clothes,Patterned 
Warm clothes,Patterned 
Warm clothes,Patterned 
Warm clothes,Patterned 
Warm clothes,Patterned 
Warm clothes,Patterned 
Warm clothes,Patterned 
Warm clothes,Striped
Warm clothes,Patterned 
Warm clothes,Patterned 
Warm clothes,Solid
Warm clothes,Patterned 
Warm clothes,Solid
Warm clothes,Patterned 
Warm clothes,Striped
Warm clothes,Patterned 
Warm clothes,Patterned 
Warm clothes,Patterned 
Warm clothes,Patterned 
Warm clothes,Patterned 
Warm clothes,Solid
Warm clothes,Patterned 
Warm clothes,Patterned 
Warm clothes,Patterned 
Warm clothes,Patterned 
Warm clothes,Solid
Warm clothes,Patterned 
Warm clothes,Solid
Warm clothes,Patterned 
Warm clothes,Patterned 
Warm clothes,Patterned 
Warm clothes,Solid
Warm clothes,Patterned 
Warm clothes,Patterned 
Warm clothes,Solid
Warm clothes,Solid
Warm clothes,Patterned 
Warm clothes,Solid
Warm clothes,Solid
Warm clothes,Patterned 
Warm clothes,Solid
Warm clothes,Patterned 
Warm clothes,Patterned 
Warm clothes,Patterned 
Warm clothes,Patterned 
Warm clothes,Patterned 
Warm clothes,Solid
Warm clothes,Patterned 
Warm clothes,Checked
Warm clothes,Patterned 
Warm clothes,Patterned 
Warm clothes,Solid
Warm clothes,Patterned 
Warm clothes,Patterned 
Warm clothes,Striped
Warm clothes,Patterned 
Warm clothes,Patterned 
Warm clothes,Patterned 
Warm clothes,Patterned 
Warm clothes,Solid
Warm clothes,Patterned 
Warm clothes,Patterned 
Warm clothes,Solid
Warm clothes,Solid
Warm clothes,Solid
Warm clothes,Patterned 
Warm clothes,Patterned 
Warm clothes,Solid
Warm clothes,Striped
Warm clothes,Patterned 
Warm clothes,Patterned 
Warm clothes,Solid
Warm clothes,Patterned 
Warm clothes,Patterned 
Warm clothes,Solid
Warm clothes,Patterned 
Warm clothes,Solid
Warm clothes,Solid
Warm clothes,Solid
Warm clothes,Patterned 
Warm clothes,Patterned 
Warm clothes,Patterned 
Warm clothes,Patterned 
Warm clothes,Solid
Warm clothes,Patterned 
Warm clothes,Solid
Warm clothes,Patterned 
Warm clothes,Patterned 
Warm clothes,Patterned 
Warm clothes,Patterned 
Warm clothes,Patterned 
Warm clothes,Patterned 
Warm clothes,Solid
Warm clothes,Patterned 
Warm clothes,Patterned 
Warm clothes,Patterned 
Warm clothes,Patterned 
Warm clothes,Solid
Warm clothes,Patterned 
Warm clothes,Patterned 
Warm clothes,Patterned 
Warm clothes,Patterned 
Warm clothes,Solid
Warm clothes,Solid
Warm clothes,Patterned 
Warm clothes,Patterned 
Warm clothes,Patterned 
Warm clothes,Patterned 
Warm clothes,Patterned 
Warm clothes,Patterned 
Warm clothes,Patterned 
Warm clothes,Patterned 
Warm clothes,Patterned 
Warm clothes,Patterned 
Warm clothes,Patterned 
Warm clothes,Patterned 
Warm clothes,Patterned 
Warm clothes,Patterned 
Warm clothes,Patterned 
Warm clothes,Patterned 
Warm clothes,Solid
Warm clothes,Patterned 
Warm clothes,Patterned 
Warm clothes,Striped
Warm clothes,Solid
Warm clothes,Solid
Warm clothes,Solid
Warm clothes,Patterned 
Warm clothes,Patterned 
Warm clothes,Patterned 
Warm clothes,Patterned 
Warm clothes,Patterned 
Warm clothes,Patterned 
Warm clothes,Striped
Warm clothes,Patterned 
Warm clothes,Patterned 
Warm clothes,Patterned 
Warm clothes,Solid
Warm clothes,Patterned 
Warm clothes,Patterned 
Warm clothes,Solid
Warm clothes,Solid
Warm clothes,Patterned 
Warm clothes,Patterned 
Warm clothes,Patterned 
Warm clothes,Patterned 
Warm clothes,Patterned 
Warm clothes,Patterned 
Warm clothes,Patterned 
Warm clothes,Solid
Warm clothes,Solid
Warm clothes,Patterned 
Warm clothes,Patterned 
Warm clothes,Patterned 
Warm clothes,Patterned 
Warm clothes,Solid
Warm clothes,Patterned 
Warm clothes,Patterned 
Warm clothes,Patterned 
Warm clothes,Patterned 
Warm clothes,Patterned 
Warm clothes,Patterned 
Warm clothes,Solid
Warm clothes,Patterned 
Warm clothes,Patterned 
Warm clothes,Solid
Warm clothes,Patterned 
Warm clothes,Striped
Warm clothes,Patterned 
Warm clothes,Patterned 
Warm clothes,Solid
Warm clothes,Patterned 
Warm clothes,Striped
Warm clothes,Patterned 
Warm clothes,Patterned 
Warm clothes,Patterned 
Warm clothes,Patterned 
Warm clothes,Striped
Warm clothes,Patterned 
Warm clothes,Patterned 
Warm clothes,Solid
Warm clothes,Patterned 
Warm clothes,Patterned 
Warm clothes,Solid
Warm clothes,Patterned 
Warm clothes,Patterned 
Warm clothes,Solid
Warm clothes,Patterned 
Warm clothes,Patterned 
Warm clothes,Striped
Warm clothes,Striped
Warm clothes,Striped
Warm clothes,Patterned 
Warm clothes,Patterned 
Warm clothes,Patterned 
Warm clothes,Patterned 
Warm clothes,Striped
Warm clothes,Striped
Warm clothes,Patterned 
Warm clothes,Patterned 
Warm clothes,Solid
Warm clothes,Patterned 
Warm clothes,Patterned 
Warm clothes,Patterned 
Warm clothes,Solid
Warm clothes,Patterned 
Warm clothes,Patterned 
Warm clothes,Solid
Warm clothes,Patterned 
Warm clothes,Patterned 
Warm clothes,Solid
Warm clothes,Patterned 
Warm clothes,Solid
Warm clothes,Striped
Warm clothes,Patterned 
Warm clothes,Solid
Warm clothes,Striped
Warm clothes,Solid
Warm clothes,Patterned 
Warm clothes,Patterned 
Warm clothes,Striped
Warm clothes,Solid
Warm clothes,Solid
Warm clothes,Solid
Warm clothes,Striped
Warm clothes,Patterned 
Warm clothes,Patterned 
Warm clothes,Striped
Warm clothes,Patterned 
Warm clothes,Patterned 
Warm clothes,Striped
Warm clothes,Solid
Warm clothes,Solid
Warm clothes,Patterned 
Warm clothes,Solid
Warm clothes,Patterned 
Warm clothes,Solid
Warm clothes,Solid
Warm clothes,Patterned 
Warm clothes,Patterned 
Warm clothes,Solid
Warm clothes,Solid
Warm clothes,Patterned 
Warm clothes,Patterned 
Warm clothes,Solid
Warm clothes,Patterned 
Warm clothes,Patterned 
Warm clothes,Patterned 
Warm clothes,Solid
Warm clothes,Patterned 
Warm clothes,Patterned 
Warm clothes,Patterned 
Warm clothes,Striped
Warm clothes,Striped
Warm clothes,Floral
Warm clothes,Solid
Warm clothes,Solid
Warm clothes,Solid
Warm clothes,Patterned 
Warm clothes,Patterned 
Warm clothes,Checked
Warm clothes,Patterned 
Warm clothes,Patterned 
Warm clothes,Patterned 
Warm clothes,Patterned 
Warm clothes,Patterned 
Warm clothes,Striped
Warm clothes,Patterned 
Warm clothes,Patterned 
Warm clothes,Patterned 
Warm clothes,Solid
Warm clothes,Solid
Warm clothes,Patterned 
Warm clothes,Solid
Warm clothes,Striped
Warm clothes,Striped
Warm clothes,Striped
Warm clothes,Solid
Warm clothes,Solid
Warm clothes,Patterned 
Warm clothes,Patterned 
Warm clothes,Patterned 
Warm clothes,Patterned 
Warm clothes,Patterned 
Warm clothes,Patterned 
Warm clothes,Solid
Warm clothes,Patterned 
Warm clothes,Solid
Warm clothes,Patterned 
Warm clothes,Patterned 
Warm clothes,Solid
Warm clothes,Striped
Warm clothes,Patterned 
Warm clothes,Patterned 
Warm clothes,Patterned 
Warm clothes,Solid
Warm clothes,Patterned 
Warm clothes,Striped
Warm clothes,Patterned 
Warm clothes,Patterned 
Warm clothes,Striped
Warm clothes,Patterned 
Warm clothes,Floral
Warm clothes,Patterned 
Warm clothes,Patterned 
Warm clothes,Solid
Warm clothes,Striped
Warm clothes,Solid
Warm clothes,Patterned 
Warm clothes,Patterned 
Warm clothes,Patterned 
Warm clothes,Patterned 
Warm clothes,Patterned 
Warm clothes,Solid
Warm clothes,Solid
Warm clothes,Patterned 
Warm clothes,Patterned 
Warm clothes,Patterned 
Warm clothes,Patterned 
Warm clothes,Floral
Warm clothes,Solid
Warm clothes,Patterned 
Warm clothes,Patterned 
Warm clothes,Patterned 
Warm clothes,Striped
Warm clothes,Patterned 
Warm clothes,Patterned 
Warm clothes,Solid
Warm clothes,Solid
Warm clothes,Solid
Warm clothes,Patterned 
Warm clothes,Patterned 
Warm clothes,Patterned 
Warm clothes,Solid
Warm clothes,Solid
Warm clothes,Patterned 
Warm clothes,Patterned 
Warm clothes,Solid
Warm clothes,Patterned 
Warm clothes,Patterned 
Warm clothes,Solid
Warm clothes,Solid
Warm clothes,Patterned 
Warm clothes,Patterned 
Warm clothes,Patterned 
Warm clothes,Patterned 
Warm clothes,Solid
Warm clothes,Patterned 
Warm clothes,Solid
Warm clothes,Solid
Warm clothes,Solid
Warm clothes,Patterned 
Warm clothes,Patterned 
Warm clothes,Patterned 
Warm clothes,Patterned 
Warm clothes,Patterned 
Warm clothes,Solid
Warm clothes,Patterned 
Warm clothes,Patterned 
Warm clothes,Patterned 
Warm clothes,Solid
Warm clothes,Patterned 
Warm clothes,Striped
Warm clothes,Striped
Warm clothes,Patterned 
Warm clothes,Patterned 
Warm clothes,Solid
Warm clothes,Patterned 
Warm clothes,Patterned 
Warm clothes,Patterned 
Warm clothes,Patterned 
Warm clothes,Solid
Warm clothes,Solid
Warm clothes,Patterned 
Warm clothes,Solid
Warm clothes,Solid
Warm clothes,Patterned 
Warm clothes,Solid
Warm clothes,Patterned 
Warm clothes,Striped
Warm clothes,Solid
Warm clothes,Patterned 
Warm clothes,Patterned 
Warm clothes,Solid
Warm clothes,Striped
Warm clothes,Patterned 
Warm clothes,Patterned 
Warm clothes,Patterned 
Warm clothes,Solid
Warm clothes,Striped
Warm clothes,Patterned 
Warm clothes,Patterned 
Warm clothes,Patterned 
Warm clothes,Patterned 
Warm clothes,Patterned 
Warm clothes,Striped
Warm clothes,Striped
Warm clothes,Solid
Warm clothes,Striped
Warm clothes,Patterned 
Warm clothes,Patterned 
Warm clothes,Solid
Warm clothes,Patterned 
Warm clothes,Striped
Warm clothes,Solid
Warm clothes,Patterned 
Warm clothes,Patterned 
Warm clothes,Patterned 
Warm clothes,Solid
Warm clothes,Patterned 
Warm clothes,Patterned 
Warm clothes,Patterned 
Warm clothes,Patterned 
Warm clothes,Solid
Warm clothes,Patterned 
Warm clothes,Solid
Warm clothes,Solid
Warm clothes,Patterned 
Warm clothes,Patterned 
Warm clothes,Solid
Warm clothes,Patterned 
Warm clothes,Solid
Warm clothes,Striped
Warm clothes,Patterned 
Warm clothes,Patterned 
Warm clothes,Patterned 
Warm clothes,Solid
Warm clothes,Patterned 
Warm clothes,Solid
Warm clothes,Solid
Warm clothes,Patterned 
Warm clothes,Patterned 
Warm clothes,Solid
Warm clothes,Patterned 
Warm clothes,Striped
Warm clothes,Solid
Warm clothes,Solid
Warm clothes,Solid
Warm clothes,Patterned 
Jacket,Solid
Jacket,Solid
Jacket,Solid
Jacket,Solid
Jacket,Solid
Jacket,Solid
Jacket,Solid
Jacket,Solid
Jacket,Solid
Jacket,Solid
Jacket,Solid
Jacket,Solid
Jacket,Solid
Jacket,Solid
Jacket,Solid
Jacket,Solid
Jacket,Solid
Jacket,Solid
Jacket,Solid
Jacket,Solid
Jacket,Striped
Jacket,Solid
Jacket,Solid
Jacket,Solid
Jacket,Solid
Jacket,Solid
Jacket,Solid
Jacket,Solid
Jacket,Solid
Jacket,Solid
Jacket,Solid
Jacket,Solid
Jacket,Solid
Jacket,Solid
Jacket,Solid
Jacket,Solid
Jacket,Solid
Jacket,Solid
Jacket,Solid
Jacket,Solid
Jacket,Solid
Jacket,Solid
Jacket,Solid
Jacket,Solid
Jacket,Checked
Jacket,Solid
Jacket,Solid
Jacket,Solid
Jacket,Solid
Jacket,Solid
Jacket,Solid
Jacket,Solid
Jacket,Solid
Jacket,Solid
Jacket,Solid
Jacket,Solid
Jacket,Solid
Jacket,Solid
Jacket,Solid
Jacket,Solid
Jacket,Solid
Jacket,Solid
Jacket,Solid
Jacket,Solid
Jacket,Solid
Jacket,Solid
Jacket,Solid
Jacket,Solid
Jacket,Solid
Jacket,Solid
Jacket,Solid
Jacket,Solid
Jacket,Solid
Jacket,Solid
Jacket,Solid
Jacket,Solid
Jacket,Solid
Jacket,Solid
Jacket,Solid
Jacket,Solid
Jacket,Solid
Jacket,Solid
Jacket,Solid
Jacket,Solid
Jacket,Solid
Jacket,Solid
Jacket,Solid
Jacket,Solid
Jacket,Solid
Jacket,Striped
Jacket,Solid
Jacket,Solid
Jacket,Solid
Jacket,Solid
Jacket,Solid
Jacket,Solid
Jacket,Solid
Jacket,Solid
Jacket,Solid
Jacket,Solid
Jacket,Solid
Jacket,Striped
Jacket,Solid
Jacket,Solid
Jacket,Solid
Jacket,Solid
Jacket,Solid
Jacket,Solid
Jacket,Solid
Jacket,Solid
Jacket,Solid
Jacket,Solid
Jacket,Solid
Jacket,Solid
Jacket,Solid
Jacket,Solid
Jacket,Solid
Jacket,Solid
Jacket,Solid
Jacket,Solid
Jacket,Solid
Jacket,Solid
Jacket,Solid
Jacket,Solid
Jacket,Solid
Jacket,Solid
Jacket,Solid
Jacket,Solid
Jacket,Solid
Jacket,Solid
Jacket,Solid
Jacket,Solid
Jacket,Solid
Jacket,Solid
Jacket,Solid
Jacket,Striped
Jacket,Solid
Jacket,Solid
Jacket,Checked
Jacket,Solid
Jacket,Solid
Jacket,Solid
Jacket,Solid
Jacket,Solid
Jacket,Solid
Jacket,Solid
Jacket,Solid
Jacket,Solid
Jacket,Solid
Jacket,Solid
Jacket,Solid
Jacket,Solid
Jacket,Solid
Jacket,Solid
Jacket,Solid
Jacket,Solid
Jacket,Solid
Jacket,Solid
Jacket,Solid
Jacket,Solid
Jacket,Solid
Jacket,Solid
Jacket,Solid
Jacket,Solid
Jacket,Solid
Jacket,Solid
Jacket,Solid
Jacket,Solid
Jacket,Solid
Jacket,Solid
Jacket,Solid
Jacket,Solid
Jacket,Solid
Jacket,Solid
Jacket,Solid
Jacket,Solid
Jacket,Checked
Jacket,Solid
Jacket,Solid
Jacket,Solid
Jacket,Solid
Jacket,Solid
Jacket,Solid
Jacket,Solid
Jacket,Solid
Jacket,Checked
Jacket,Solid
Jacket,Striped
Jacket,Solid
Jacket,Solid
Jacket,Solid
Jacket,Solid
Jacket,Solid
Jacket,Solid
Jacket,Solid
Jacket,Solid
Jacket,Solid
Jacket,Solid
Jacket,Solid
Jacket,Solid
Jacket,Striped
Jacket,Striped
Jacket,Solid
Jacket,Solid
Jacket,Solid
Jacket,Solid
Jacket,Solid
Jacket,Solid
Jacket,Solid
Jacket,Solid
Jacket,Solid
Jacket,Solid
Jacket,Striped
Jacket,Solid
Jacket,Solid
Jacket,Checked
Jacket,Solid
Jacket,Solid
Jacket,Solid
Jacket,Solid
Jacket,Solid
Jacket,Solid
Jacket,Solid
Jacket,Solid
Jacket,Solid
Jacket,Solid
Jacket,Solid
Jacket,Solid
Jacket,Solid
Jacket,Solid
Jacket,Solid
Jacket,Solid
Jacket,Solid
Jacket,Solid
Jacket,Striped
Jacket,Solid
Jacket,Striped
Jacket,Solid
Jacket,Solid
Jacket,Solid
Jacket,Solid
Jacket,Checked
Jacket,Solid
Jacket,Striped
Jacket,Solid
Jacket,Striped
Jacket,Solid
Jacket,Solid
Jacket,Solid
Jacket,Solid
Jacket,Striped
Jacket,Solid
Jacket,Solid
Jacket,Solid
Jacket,Solid
Jacket,Solid
Jacket,Solid
Jacket,Solid
Jacket,Solid
Jacket,Checked
Jacket,Solid
Jacket,Solid
Jacket,Solid
Jacket,Solid
Jacket,Striped
Jacket,Solid
Jacket,Solid
Jacket,Solid
Jacket,Solid
Jacket,Solid
Jacket,Striped
Jacket,Solid
Jacket,Solid
Jacket,Solid
Jacket,Solid
Jacket,Solid
Jacket,Solid
Jacket,Striped
Jacket,Solid
Jacket,Solid
Jacket,Solid
Jacket,Solid
Jacket,Solid
Jacket,Solid
Jacket,Solid
Jacket,Checked
Jacket,Solid
Jacket,Striped
Jacket,Solid
Jacket,Solid
Jacket,Solid
Jacket,Solid
Jacket,Solid
Jacket,Solid
Jacket,Solid
Jacket,Solid
Jacket,Solid
Jacket,Solid
Jacket,Solid
Jacket,Striped
Jacket,Solid
Jacket,Checked
Jacket,Solid
Jacket,Solid
Jacket,Solid
Jacket,Solid
Jacket,Solid
Jacket,Solid
Jacket,Striped
Jacket,Solid
Jacket,Striped
Jacket,Solid
Jacket,Solid
Jacket,Solid
Jacket,Striped
Jacket,Striped
Jacket,Solid
Jacket,Solid
Jacket,Solid
Jacket,Solid
Jacket,Solid
Jacket,Solid
Jacket,Solid
Jacket,Solid
Jacket,Solid
Jacket,Striped
Jacket,Solid
Jacket,Solid
Jacket,Solid
Jacket,Solid
Jacket,Solid
Jacket,Solid
Jacket,Solid
Jacket,Solid
Jacket,Solid
Jacket,Solid
Jacket,Solid
Jacket,Solid
Jacket,Solid
Jacket,Solid
Jacket,Checked
Jacket,Solid
Jacket,Solid
Jacket,Solid
Jacket,Striped
Jacket,Solid
Jacket,Solid
Jacket,Solid
Jacket,Solid
Jacket,Solid
Jacket,Solid
Jacket,Striped
Jacket,Striped
Jacket,Solid
Jacket,Solid
Jacket,Solid
Jacket,Solid
Jacket,Solid
Jacket,Striped
Jacket,Striped
Jacket,Solid
Jacket,Striped
Jacket,Solid
Jacket,Striped
Jacket,Solid
Jacket,Solid
Jacket,Striped
Jacket,Solid
Jacket,Striped
Jacket,Solid
Jacket,Solid
Jacket,Solid
Jacket,Solid
Jacket,Solid
Jacket,Solid
Jacket,Striped
Jacket,Solid
Jacket,Solid
Jacket,Solid
Jacket,Solid
Jacket,Solid
Jacket,Solid
Jacket,Solid
Jacket,Solid
Jacket,Solid
Jacket,Solid
Jacket,Solid
Jacket,Solid
Jacket,Solid
Jacket,Solid
Jacket,Solid
Jacket,Solid
Jacket,Solid
Jacket,Solid
Jacket,Solid
Jacket,Solid
Jacket,Solid
Jacket,Solid
Jacket,Solid
Jacket,Solid
Jacket,Solid
Jacket,Solid
Jacket,Solid
Jacket,Solid
Jacket,Solid
Jacket,Solid
Jacket,Solid
Jacket,Solid
Jacket,Solid
Jacket,Solid
Jacket,Solid
Jacket,Striped
Jacket,Solid
Jacket,Solid
Jacket,Solid
Jacket,Solid
Jacket,Solid
Jacket,Solid
Jacket,Solid
Jacket,Solid
Jacket,Solid
Jacket,Solid
Jacket,Solid
Jacket,Solid
Jacket,Striped
Jacket,Solid
Jacket,Solid
Jacket,Solid
Jacket,Solid
Jacket,Solid
Jacket,Solid
Jacket,Solid
Jacket,Solid
Jacket,Solid
Jacket,Solid
Jacket,Solid
Jacket,Solid
Jacket,Solid
Jacket,Striped
Jacket,Solid
Jacket,Solid
Jacket,Solid
Jacket,Solid
Jacket,Solid
Jacket,Solid
Jacket,Solid
Jacket,Solid
Jacket,Solid
Jacket,Solid
Jacket,Solid
Jacket,Solid
Jacket,Solid
Jacket,Solid
Jacket,Solid
Jacket,Solid
Jacket,Solid
Jacket,Solid
Jacket,Solid
Jacket,Solid
Jacket,Solid
Jacket,Solid
Jacket,Solid
Jacket,Solid
Jacket,Solid
Jacket,Solid
Jacket,Solid
Jacket,Checked
Jacket,Solid
Jacket,Solid
Jacket,Solid
Jacket,Solid
Jacket,Solid
Jacket,Solid
Jacket,Solid
Jacket,Solid
Jacket,Solid
Jacket,Solid
Jacket,Solid
Jacket,Solid
Jacket,Solid
Jacket,Solid
Jacket,Solid
Jacket,Striped
Jacket,Striped
Jacket,Solid
Jacket,Solid
Jacket,Solid
Jacket,Solid
Jacket,Striped
Jacket,Solid
Jacket,Solid
Jacket,Solid
Jacket,Solid
Jacket,Solid
Jacket,Solid
Jacket,Solid
Jacket,Solid
Jacket,Solid
Jacket,Solid
Jacket,Solid
Jacket,Solid
Jacket,Solid
Jacket,Solid
Jacket,Solid
Jacket,Solid